—Ò˚ÎÍ‡;Õ‡Á‚‡ÌËÂ;ƒ‡Ú‡
https://fsa.gov.ru//press-center/info/14268/;–û —Ä–∞–±–æ—Ç–µ –ò–Ω—Ñ–æ—Ä–º–∞—Ü–∏–æ–Ω–Ω–æ–≥–æ —Ü–µ–Ω—Ç—Ä–∞ –†–æ—Å–∞–∫–∫—Ä–µ–¥–∏—Ç–∞—Ü–∏–∏;
https://fsa.gov.ru//press-center/info/14144/;–û –∑–∞–≤–µ—Ä—à–µ–Ω–∏–∏ —Ç–µ—Ö–Ω–∏—á–µ—Å–∫–∏—Ö —Ä–∞–±–æ—Ç;
https://fsa.gov.ru//press-center/info/14021/;–û –∑–∞–≤–µ—Ä—à–µ–Ω–∏–∏ —Ä–µ–≥–ª–∞–º–µ–Ω—Ç–Ω—ã—Ö —Ä–∞–±–æ—Ç;
https://fsa.gov.ru//press-center/info/13927/;–û–±–Ω–æ–≤–ª–µ–Ω —Ä–∞–∑–¥–µ–ª ¬´–í–æ–ø—Ä–æ—Å-–æ—Ç–≤–µ—Ç¬ª: –æ–ø—É–±–ª–∏–∫–æ–≤–∞–Ω—ã –æ—Ç–≤–µ—Ç—ã –Ω–∞ –≤–æ–ø—Ä–æ—Å—ã –ø–æ –ø–æ—Ä—è–¥–∫—É —Ñ–æ—Ä–º–∏—Ä–æ–≤–∞–Ω–∏—è –∏ –≤–µ–¥–µ–Ω–∏—è —Ä–µ–µ—Å—Ç—Ä–∞ –∑–∞–∫–ª—é—á–µ–Ω–∏–π –ø—Ä–µ–¥–≤–∞—Ä–∏—Ç–µ–ª—å–Ω–æ–π —Ç–µ—Ö–Ω–∏—á–µ—Å–∫–æ–π —ç–∫—Å–ø–µ—Ä—Ç–∏–∑—ã –∏ –ø—Ä–æ—Ç–æ–∫–æ–ª–æ–≤ –ø—Ä–æ–≤–µ—Ä–∫–∏ –±–µ–∑–æ–ø–∞—Å–Ω–æ—Å—Ç–∏;
https://fsa.gov.ru//press-center/info/13659/;–ò.–æ. —Ä—É–∫–æ–≤–æ–¥–∏—Ç–µ–ª—è –£–ø—Ä–∞–≤–ª–µ–Ω–∏—è –°–ª—É–∂–±—ã –ø–æ –Æ–§–û –∏ –°–ö–§–û –ø—Ä–∏–Ω—è–ª —É—á–∞—Å—Ç–∏–µ –≤ –∑–∞—Å–µ–¥–∞–Ω–∏–∏ –∫–æ–º–∏—Å—Å–∏–∏ –ø–æ –ø—Ä–æ—Ç–∏–≤–æ–¥–µ–π—Å—Ç–≤–∏—é –Ω–µ–∑–∞–∫–æ–Ω–Ω–æ–º—É –æ–±–æ—Ä–æ—Ç—É –ø—Ä–æ–º—ã—à–ª–µ–Ω–Ω–æ–π –ø—Ä–æ–¥—É–∫—Ü–∏–∏ –≤ –†–æ—Å—Ç–æ–≤—Å–∫–æ–π –æ–±–ª–∞—Å—Ç–∏;–Æ–∂–Ω—ã–π –∏ –°–µ–≤–µ—Ä–æ-–ö–∞–≤–∫–∞–∑—Å–∫–∏–π —Ñ–µ–¥–µ—Ä–∞–ª—å–Ω—ã–µ –æ–∫—Ä—É–≥–∞
https://fsa.gov.ru//press-center/info/13407/;–†—É–∫–æ–≤–æ–¥–∏—Ç–µ–ª—å –£–ø—Ä–∞–≤–ª–µ–Ω–∏—è –°–ª—É–∂–±—ã –ø–æ –£–§–û –ø—Ä–∏–Ω—è–ª–∞ —É—á–∞—Å—Ç–∏–µ –≤ –∫—Ä—É–≥–ª–æ–º —Å—Ç–æ–ª–µ –ø–æ –≤–æ–ø—Ä–æ—Å–∞–º –º–µ—Ç—Ä–æ–ª–æ–≥–∏–∏ –∏ –µ–¥–∏–Ω—Å—Ç–≤–∞ –∏–∑–º–µ—Ä–µ–Ω–∏–π;–£—Ä–∞–ª—å—Å–∫–∏–π —Ñ–µ–¥–µ—Ä–∞–ª—å–Ω—ã–π –æ–∫—Ä—É–≥
https://fsa.gov.ru//press-center/info/12894/;–†–∞–∑—ä—è—Å–Ω–µ–Ω–∏–µ –†–æ—Å–∞–∫–∫—Ä–µ–¥–∏—Ç–∞—Ü–∏–∏ –æ–± —ç–∫–≤–∏–≤–∞–ª–µ–Ω—Ç–Ω–æ—Å—Ç–∏ –Ω–æ—Ä–º–∞—Ç–∏–≤–Ω—ã—Ö –¥–æ–∫—É–º–µ–Ω—Ç–æ–≤;
https://fsa.gov.ru//press-center/info/12300/;8 —Ñ–µ–≤—Ä–∞–ª—è –≤—Å—Ç—É–ø–∞–µ—Ç –≤ —Å–∏–ª—É –Ω–æ–≤—ã–π –ê–¥–º–∏–Ω–∏—Å—Ç—Ä–∞—Ç–∏–≤–Ω—ã–π —Ä–µ–≥–ª–∞–º–µ–Ω—Ç –ø–æ –ø—Ä–µ–¥–æ—Å—Ç–∞–≤–ª–µ–Ω–∏—é –†–æ—Å–∞–∫–∫—Ä–µ–¥–∏—Ç–∞—Ü–∏–µ–π –≥–æ—Å—É–¥–∞—Ä—Å—Ç–≤–µ–Ω–Ω–æ–π —É—Å–ª—É–≥–∏ –ø–æ –ø—Ä–∏–∑–Ω–∞–Ω–∏—é –∏ –æ—Ü–µ–Ω–∫–µ —Å–æ–æ—Ç–≤–µ—Ç—Å—Ç–≤–∏—è –∏—Å–ø—ã—Ç–∞—Ç–µ–ª—å–Ω—ã—Ö –ª–∞–±–æ—Ä–∞—Ç–æ—Ä–∏–π (—Ü–µ–Ω—Ç—Ä–æ–≤) –ø—Ä–∏–Ω—Ü–∏–ø–∞–º –Ω–∞–¥–ª–µ–∂–∞—â–µ–π –ª–∞–±–æ—Ä–∞—Ç–æ—Ä–Ω–æ–π –ø—Ä–∞–∫—Ç–∏–∫–∏ (GLP);
https://fsa.gov.ru//press-center/info/11346/;–û –ø—Ä–æ–≤–µ–¥–µ–Ω–∏–∏ –∫–æ–Ω–∫—É—Ä—Å–∞ –Ω–∞ –≤–∫–ª—é—á–µ–Ω–∏–µ –≤ –∫–∞–¥—Ä–æ–≤—ã–π —Ä–µ–∑–µ—Ä–≤ –£–ø—Ä–∞–≤–ª–µ–Ω–∏—è –†–æ—Å–∞–∫–∫—Ä–µ–¥–∏—Ç–∞—Ü–∏–∏ –ø–æ –°–§–û 1 —Ñ–µ–≤—Ä–∞–ª—è  2021 –≥.;–°–∏–±–∏—Ä—Å–∫–∏–π —Ñ–µ–¥–µ—Ä–∞–ª—å–Ω—ã–π –æ–∫—Ä—É–≥
https://fsa.gov.ru//press-center/info/11239/;–û –ø—Ä–æ–≤–µ–¥–µ–Ω–∏–∏ –∫–æ–Ω–∫—É—Ä—Å–∞ –Ω–∞ –≤–∫–ª—é—á–µ–Ω–∏–µ –≤ –∫–∞–¥—Ä–æ–≤—ã–π —Ä–µ–∑–µ—Ä–≤ –£–ø—Ä–∞–≤–ª–µ–Ω–∏—è –†–æ—Å–∞–∫–∫—Ä–µ–¥–∏—Ç–∞—Ü–∏–∏ –ø–æ –£–§–û;–£—Ä–∞–ª—å—Å–∫–∏–π —Ñ–µ–¥–µ—Ä–∞–ª—å–Ω—ã–π –æ–∫—Ä—É–≥
https://fsa.gov.ru//press-center/info/11140/;–†–æ—Å–∞–∫–∫—Ä–µ–¥–∏—Ç–∞—Ü–∏—è: –∑–∞ –ø–æ–ª–≥–æ–¥–∞ –≤ –î–§–û –≤ 2 —Ä–∞–∑–∞ —É–≤–µ–ª–∏—á–∏–ª–æ—Å—å –∫–æ–ª–∏—á–µ—Å—Ç–≤–æ –ª–∞–±–æ—Ä–∞—Ç–æ—Ä–∏–π, –∞–∫–∫—Ä–µ–¥–∏—Ç–æ–≤–∞–Ω–Ω—ã—Ö –Ω–∞ –∏—Å–ø—ã—Ç–∞–Ω–∏—è —Ç—Ä–∞–Ω—Å–ø–æ—Ä—Ç–Ω—ã—Ö —Å—Ä–µ–¥—Å—Ç–≤;–î–∞–ª—å–Ω–µ–≤–æ—Å—Ç–æ—á–Ω—ã–π —Ñ–µ–¥–µ—Ä–∞–ª—å–Ω—ã–π –æ–∫—Ä—É–≥
https://fsa.gov.ru//press-center/info/11016/;–†—É–∫–æ–≤–æ–¥–∏—Ç–µ–ª—å –£–ø—Ä–∞–≤–ª–µ–Ω–∏—è –†–æ—Å–∞–∫–∫—Ä–µ–¥–∏—Ç–∞—Ü–∏–∏ –ø–æ –ü–§–û –ø—Ä–∏–Ω—è–ª–∞ —É—á–∞—Å—Ç–∏–µ –≤ VIII –ú–µ–∂–¥—É–Ω–∞—Ä–æ–¥–Ω–æ–π –º–µ—Ç—Ä–æ–ª–æ–≥–∏—á–µ—Å–∫–æ–π –∫–æ–Ω—Ñ–µ—Ä–µ–Ω—Ü–∏–∏;–ü—Ä–∏–≤–æ–ª–∂—Å–∫–∏–π —Ñ–µ–¥–µ—Ä–∞–ª—å–Ω—ã–π –æ–∫—Ä—É–≥
https://fsa.gov.ru//press-center/info/10858/;–û –¥–æ—Å—Ç—É–ø–µ –ø–æ–ª—å–∑–æ–≤–∞—Ç–µ–ª–µ–π –≤–æ –§–ì–ò–° –†–æ—Å–∞–∫–∫—Ä–µ–¥–∏—Ç–∞—Ü–∏–∏;
https://fsa.gov.ru//press-center/info/10780/;–û–± —É–∫–∞–∑–∞–Ω–∏–∏ –æ—Ä–≥–∞–Ω–∞–º–∏ –ø–æ —Å–µ—Ä—Ç–∏—Ñ–∏–∫–∞—Ü–∏–∏ —Å–≤–µ–¥–µ–Ω–∏–π –æ –±–ª–∞–Ω–∫–∞—Ö —Å–µ—Ä—Ç–∏—Ñ–∏–∫–∞—Ç–æ–≤ –∏ –ø—Ä–∏–ª–æ–∂–µ–Ω–∏–π –∫ –Ω–∏–º;
https://fsa.gov.ru//press-center/info/10567/;–û –ø—Ä–∏–µ–º–µ –¥–æ–∫—É–º–µ–Ω—Ç–æ–≤ –¥–ª—è —É—á–∞—Å—Ç–∏—è –≤ –∫–æ–Ω–∫—É—Ä—Å–µ –Ω–∞ –≤–∫–ª—é—á–µ–Ω–∏–µ –≤ –∫–∞–¥—Ä–æ–≤—ã–π —Ä–µ–∑–µ—Ä–≤ –¥–ª—è –∑–∞–º–µ—â–µ–Ω–∏—è –¥–æ–ª–∂–Ω–æ—Å—Ç–µ–π –≥–æ—Å—É–¥–∞—Ä—Å—Ç–≤–µ–Ω–Ω–æ–π –≥—Ä–∞–∂–¥–∞–Ω—Å–∫–æ–π —Å–ª—É–∂–±—ã –£–ø—Ä–∞–≤–ª–µ–Ω–∏—è –†–æ—Å–∞–∫–∫—Ä–µ–¥–∏—Ç–∞—Ü–∏–∏ –ø–æ –Æ–§–û –∏ –°–ö–§–û;–Æ–∂–Ω—ã–π –∏ –°–µ–≤–µ—Ä–æ-–ö–∞–≤–∫–∞–∑—Å–∫–∏–π —Ñ–µ–¥–µ—Ä–∞–ª—å–Ω—ã–µ –æ–∫—Ä—É–≥–∞
https://fsa.gov.ru//press-center/info/10460/;–û—Ç–∫—Ä—ã—Ç –ø—Ä–∏–µ–º –∑–∞—è–≤–æ–∫ –Ω–∞ —É—á–∞—Å—Ç–∏–µ –≤ –¥–∏—Å—Ç–∞–Ω—Ü–∏–æ–Ω–Ω–æ–º —Å–µ–º–∏–Ω–∞—Ä–µ –ø–æ —Å–∞–º–æ—Å—Ç–æ—è—Ç–µ–ª—å–Ω–æ–º—É –¥–µ–∫–ª–∞—Ä–∏—Ä–æ–≤–∞–Ω–∏—é —Å–æ–æ—Ç–≤–µ—Ç—Å—Ç–≤–∏—è;
https://fsa.gov.ru//press-center/info/10223/;–í—Ä–∏–æ —Ä—É–∫–æ–≤–æ–¥–∏—Ç–µ–ª—è –£–ø—Ä–∞–≤–ª–µ–Ω–∏—è –†–æ—Å–∞–∫–∫—Ä–µ–¥–∏—Ç–∞—Ü–∏–∏ –ø–æ –°–ó–§–û –ø—Ä–∏–Ω—è–ª —É—á–∞—Å—Ç–∏–µ –≤–æ –≤—Å—Ç—Ä–µ—á–∞—Ö, –ø–æ—Å–≤—è—â–µ–Ω–Ω—ã—Ö –ø—Ä–æ—Ü–µ–¥—É—Ä–µ —Å–∞–º–æ—Å—Ç–æ—è—Ç–µ–ª—å–Ω–æ–≥–æ –¥–µ–∫–ª–∞—Ä–∏—Ä–æ–≤–∞–Ω–∏—è —Å–æ–æ—Ç–≤–µ—Ç—Å—Ç–≤–∏—è;–°–µ–≤–µ—Ä–æ-–ó–∞–ø–∞–¥–Ω—ã–π —Ñ–µ–¥–µ—Ä–∞–ª—å–Ω—ã–π –æ–∫—Ä—É–≥
https://fsa.gov.ru//press-center/info/10147/;–°—Ç–∞—Ä—Ç—É–µ—Ç —Ç—Ä–µ—Ç–∏–π —Å–ø–µ—Ü–∏–∞–ª—å–Ω—ã–π –æ–±—Ä–∞–∑–æ–≤–∞—Ç–µ–ª—å–Ω—ã–π –ø—Ä–æ–µ–∫—Ç –¥–ª—è —ç–∫—Å–ø–µ—Ä—Ç–æ–≤ –ø–æ –∞–∫–∫—Ä–µ–¥–∏—Ç–∞—Ü–∏–∏;
https://fsa.gov.ru//press-center/info/10036/;–û –ø—Ä–æ–≤–µ–¥–µ–Ω–∏–∏ –æ–±—â–µ—Å—Ç–≤–µ–Ω–Ω–æ–≥–æ –æ–±—Å—É–∂–¥–µ–Ω–∏—è –ø—Ä–æ–µ–∫—Ç–∞ –ø—Ä–∏–∫–∞–∑–∞ –æ–± —É—Ç–≤–µ—Ä–∂–¥–µ–Ω–∏–∏ —Ñ–æ—Ä–º—ã —Å–≤–µ–¥–µ–Ω–∏–π –æ —Å–æ–æ—Ç–≤–µ—Ç—Å—Ç–≤–∏–∏ –∞–∫–∫—Ä–µ–¥–∏—Ç–æ–≤–∞–Ω–Ω—ã—Ö –≤ –Ω–∞—Ü–∏–æ–Ω–∞–ª—å–Ω–æ–π —Å–∏—Å—Ç–µ–º–µ –∞–∫–∫—Ä–µ–¥–∏—Ç–∞—Ü–∏–∏ –ª–∏—Ü —Ç—Ä–µ–±–æ–≤–∞–Ω–∏—è–º –ø–æ—Å—Ç–∞–Ω–æ–≤–ª–µ–Ω–∏—è –ü—Ä–∞–≤–∏—Ç–µ–ª—å—Å—Ç–≤–∞ –†–æ—Å—Å–∏–π—Å–∫–æ–π –§–µ–¥–µ—Ä–∞—Ü–∏–∏ –æ—Ç 21 —Å–µ–Ω—Ç—è–±—Ä—è 2019 –≥. ‚Ññ 1236;
https://fsa.gov.ru//press-center/info/9983/;–û –ø—Ä–æ–≤–µ–¥–µ–Ω–∏–∏ –∫–æ–Ω–∫—É—Ä—Å–∞ –Ω–∞ –∑–∞–º–µ—â–µ–Ω–∏–µ –¥–æ–ª–∂–Ω–æ—Å—Ç–∏ –º–ª–∞–¥—à–µ–≥–æ –Ω–∞—É—á–Ω–æ–≥–æ —Å–æ—Ç—Ä—É–¥–Ω–∏–∫–∞;
https://fsa.gov.ru//press-center/info/9877/;–£—Ç–≤–µ—Ä–∂–¥–µ–Ω—ã –ú–µ—Ç–æ–¥–∏—á–µ—Å–∫–∏–µ —Ä–µ–∫–æ–º–µ–Ω–¥–∞—Ü–∏–∏ –ø–æ —Ñ–æ—Ä–º–∏—Ä–æ–≤–∞–Ω–∏—é –ø—Ä–æ–≥—Ä–∞–º–º—ã –≤—ã–µ–∑–¥–Ω–æ–π –æ—Ü–µ–Ω–∫–∏ —Å–æ–æ—Ç–≤–µ—Ç—Å—Ç–≤–∏—è –∏—Å–ø—ã—Ç–∞—Ç–µ–ª—å–Ω–æ–π –ª–∞–±–æ—Ä–∞—Ç–æ—Ä–∏–∏ (—Ü–µ–Ω—Ç—Ä–∞) –∏ –∫–∞–ª–∏–±—Ä–æ–≤–æ—á–Ω–æ–π –ª–∞–±–æ—Ä–∞—Ç–æ—Ä–∏–∏;
https://fsa.gov.ru//press-center/info/9732/;–û –ø–æ—Ä—è–¥–∫–µ –ø—Ä–æ–≤–µ–¥–µ–Ω–∏—è –≤—ã–µ–∑–¥–Ω–æ–π –æ—Ü–µ–Ω–∫–∏ —Å–æ–æ—Ç–≤–µ—Ç—Å—Ç–≤–∏—è –≤ —Å–≤—è–∑–∏ —Å –≤–Ω–µ—Å–µ–Ω–∏–µ–º –∏–∑–º–µ–Ω–µ–Ω–∏–π –≤ –ø—Ä–∏–∫–∞–∑ –ú–∏–Ω—ç–∫–æ–Ω–æ–º—Ä–∞–∑–≤–∏—Ç–∏—è –†–æ—Å—Å–∏–∏ –æ—Ç 30 –º–∞—è 2014 –≥. ‚Ññ 326;
https://fsa.gov.ru//press-center/info/9641/;–û –ø–æ—Ä—è–¥–∫–µ –ø—Ä–æ–≤–µ–¥–µ–Ω–∏—è –≤—ã–µ–∑–¥–Ω–æ–π –æ—Ü–µ–Ω–∫–∏ –≤ —Å–≤—è–∑–∏ —Å –ø–µ—Ä–µ—Ö–æ–¥–æ–º –Ω–∞ –ì–û–°–¢ ISO/IEC 17025‚Äì2019;
https://fsa.gov.ru//press-center/info/9513/;7 —Å–µ–Ω—Ç—è–±—Ä—è –≤—Å—Ç—É–ø–∞–µ—Ç –≤ —Å–∏–ª—É –ø—Ä–∏–∫–∞–∑ –ú–∏–Ω—ç–∫–æ–Ω–æ–º—Ä–∞–∑–≤–∏—Ç–∏—è –†–æ—Å—Å–∏–∏ –æ—Ç 27 —Ñ–µ–≤—Ä–∞–ª—è 2019 –≥. ‚Ññ 89 ¬´–û –≤–Ω–µ—Å–µ–Ω–∏–∏ –∏–∑–º–µ–Ω–µ–Ω–∏–π –≤ –Ω–µ–∫–æ—Ç–æ—Ä—ã–µ –ø—Ä–∏–∫–∞–∑—ã –ú–∏–Ω—ç–∫–æ–Ω–æ–º—Ä–∞–∑–≤–∏—Ç–∏—è –†–æ—Å—Å–∏–∏ –ø–æ –≤–æ–ø—Ä–æ—Å–∞–º –∞–∫–∫—Ä–µ–¥–∏—Ç–∞—Ü–∏–∏ –≤ –Ω–∞—Ü–∏–æ–Ω–∞–ª—å–Ω–æ–π —Å–∏—Å—Ç–µ–º–µ –∞–∫–∫—Ä–µ–¥–∏—Ç–∞—Ü–∏–∏¬ª;
https://fsa.gov.ru//press-center/info/9424/;–§–µ–¥–µ—Ä–∞–ª—å–Ω–æ–π –∞–Ω—Ç–∏–º–æ–Ω–æ–ø–æ–ª—å–Ω–æ–π —Å–ª—É–∂–±–æ–π —Ä–∞—Å—Å–º–æ—Ç—Ä–µ–Ω—ã –ø–µ—Ä–≤—ã–µ –¥–µ–ª–∞ –æ –Ω–µ–Ω–∞–¥–ª–µ–∂–∞—â–µ–π —Ä–µ–∫–ª–∞–º–µ —É—Å–ª—É–≥ –ø–æ –æ—Ü–µ–Ω–∫–µ —Å–æ–æ—Ç–≤–µ—Ç—Å—Ç–≤–∏—è;
https://fsa.gov.ru//press-center/info/9370/;–ö–æ–Ω–∫—É—Ä—Å –Ω–∞ –∑–∞–º–µ—â–µ–Ω–∏–µ –≤–∞–∫–∞–Ω—Ç–Ω–æ–π –¥–æ–ª–∂–Ω–æ—Å—Ç–∏ —Ñ–µ–¥–µ—Ä–∞–ª—å–Ω–æ–π –≥–æ—Å—É–¥–∞—Ä—Å—Ç–≤–µ–Ω–Ω–æ–π –≥—Ä–∞–∂–¥–∞–Ω—Å–∫–æ–π —Å–ª—É–∂–±—ã –£–ø—Ä–∞–≤–ª–µ–Ω–∏—è –ø—Ä–∏–∑–Ω–∞–Ω –Ω–µ —Å–æ—Å—Ç–æ—è–≤—à–∏–º—Å—è;–Æ–∂–Ω—ã–π –∏ –°–µ–≤–µ—Ä–æ-–ö–∞–≤–∫–∞–∑—Å–∫–∏–π —Ñ–µ–¥–µ—Ä–∞–ª—å–Ω—ã–µ –æ–∫—Ä—É–≥–∞
https://fsa.gov.ru//press-center/info/8501/;–ë–æ–ª–µ–µ 450 —Å–ª—É—à–∞—Ç–µ–ª–µ–π –ø—Ä–æ—à–ª–∏ –æ–±—É—á–µ–Ω–∏–µ –ø–æ –ø—Ä–æ–≥—Ä–∞–º–º–µ –ø–æ–≤—ã—à–µ–Ω–∏—è –∫–≤–∞–ª–∏—Ñ–∏–∫–∞—Ü–∏–∏ —Å–ø–µ—Ü–∏–∞–ª–∏—Å—Ç–æ–≤ –∏—Å–ø—ã—Ç–∞—Ç–µ–ª—å–Ω—ã—Ö –ª–∞–±–æ—Ä–∞—Ç–æ—Ä–∏–π;
https://fsa.gov.ru//press-center/info/2647/;–û—Ç–∫—Ä—ã—Ç–∞ —Ä–µ–≥–∏—Å—Ç—Ä–∞—Ü–∏—è –Ω–∞ —Å–µ–º–∏–Ω–∞—Ä, –ø—Ä–∏—É—Ä–æ—á–µ–Ω–Ω—ã–π –∫ –í—Å–µ–º–∏—Ä–Ω–æ–º—É –¥–Ω—é –∞–∫–∫—Ä–µ–¥–∏—Ç–∞—Ü–∏–∏;
https://fsa.gov.ru//press-center/info/2417/;–°–æ—Å—Ç–æ—è–ª–æ—Å—å —Å–æ–≤–µ—â–∞–Ω–∏–µ –ø–æ –≤–æ–ø—Ä–æ—Å—É —Ç–µ—Ö–Ω–æ–ª–æ–≥–∏—á–µ—Å–∫–æ–π —Å—Ö–µ–º—ã –≤–≤–æ–∑–∞ –æ–±—Ä–∞–∑—Ü–æ–≤ –∏ —Å–µ—Ä—Ç–∏—Ñ–∏–∫–∞—Ü–∏–∏ –∏–≥—Ä—É—à–µ–∫;
https://fsa.gov.ru//press-center/info/2431/;–í–Ω–µ—Å–µ–Ω—ã –∏–∑–º–µ–Ω–µ–Ω–∏—è –≤ –º–µ—Ç–æ–¥–∏—á–µ—Å–∫–∏–µ —Ä–µ–∫–æ–º–µ–Ω–¥–∞—Ü–∏–∏ –ø–æ –æ–ø–∏—Å–∞–Ω–∏—é –æ–±–ª–∞—Å—Ç–∏ –∞–∫–∫—Ä–µ–¥–∏—Ç–∞—Ü–∏–∏ –∏—Å–ø—ã—Ç–∞—Ç–µ–ª—å–Ω–æ–π –ª–∞–±–æ—Ä–∞—Ç–æ—Ä–∏–∏ (—Ü–µ–Ω—Ç—Ä–∞);
https://fsa.gov.ru//press-center/info/9172/;–†–µ–∑—É–ª—å—Ç–∞—Ç—ã –∫–æ–Ω–∫—É—Ä—Å–∞ –Ω–∞ –≤–∫–ª—é—á–µ–Ω–∏–µ –≤ –∫–∞–¥—Ä–æ–≤—ã–π —Ä–µ–∑–µ—Ä–≤ –£–ø—Ä–∞–≤–ª–µ–Ω–∏—è –†–æ—Å–∞–∫–∫—Ä–µ–¥–∏—Ç–∞—Ü–∏–∏ –ø–æ –°–ó–§–û, —Å–æ—Å—Ç–æ—è–≤—à–µ–≥–æ—Å—è 4 –º–∞—Ä—Ç–∞ 2019 –≥;–°–µ–≤–µ—Ä–æ-–ó–∞–ø–∞–¥–Ω—ã–π —Ñ–µ–¥–µ—Ä–∞–ª—å–Ω—ã–π –æ–∫—Ä—É–≥
https://fsa.gov.ru//press-center/info/9151/;–û –ø—Ä–∏–µ–º–µ –¥–æ–∫—É–º–µ–Ω—Ç–æ–≤ –¥–ª—è –ø—Ä–æ–≤–µ–¥–µ–Ω–∏—è –∫–æ–Ω–∫—É—Ä—Å–∞ –Ω–∞ –≤–∫–ª—é—á–µ–Ω–∏–µ –≤ –∫–∞–¥—Ä–æ–≤—ã–π —Ä–µ–∑–µ—Ä–≤ –£–ø—Ä–∞–≤–ª–µ–Ω–∏—è –†–æ—Å–∞–∫–∫—Ä–µ–¥–∏—Ç–∞—Ü–∏–∏ –ø–æ –ü–§–û;–ü—Ä–∏–≤–æ–ª–∂—Å–∫–∏–π —Ñ–µ–¥–µ—Ä–∞–ª—å–Ω—ã–π –æ–∫—Ä—É–≥
https://fsa.gov.ru//press-center/info/9067/;–û –ø–æ–¥–∞—á–µ –∑–∞—è–≤–ª–µ–Ω–∏–π –Ω–∞ —Å–æ–∫—Ä–∞—â–µ–Ω–∏–µ –æ–±–ª–∞—Å—Ç–∏ –∞–∫–∫—Ä–µ–¥–∏—Ç–∞—Ü–∏–∏ –≤ –Ω–∞—Ü–∏–æ–Ω–∞–ª—å–Ω–æ–π —Å–∏—Å—Ç–µ–º–µ –∞–∫–∫—Ä–µ–¥–∏—Ç–∞—Ü–∏–∏ –≤ —ç–ª–µ–∫—Ç—Ä–æ–Ω–Ω–æ–º –≤–∏–¥–µ;
https://fsa.gov.ru//press-center/info/9041/;–ò—Ç–æ–≥–∏ –∑–∞—Å–µ–¥–∞–Ω–∏—è –ø–æ—Å—Ç–æ—è–Ω–Ω–æ–≥–æ –∫–æ–º–∏—Ç–µ—Ç–∞ –ø–æ –≤–æ–ø—Ä–æ—Å–∞–º –¥–µ—è—Ç–µ–ª—å–Ω–æ—Å—Ç–∏ –∏—Å–ø—ã—Ç–∞—Ç–µ–ª—å–Ω—ã—Ö –ª–∞–±–æ—Ä–∞—Ç–æ—Ä–∏–π (—Ü–µ–Ω—Ç—Ä–æ–≤);
https://fsa.gov.ru//press-center/info/9055/;–û –∑–∞–ø—É—Å–∫–µ –æ–±–Ω–æ–≤–ª–µ–Ω–Ω–æ–≥–æ –∫–æ–º–ø–æ–Ω–µ–Ω—Ç–∞ –¥–ª—è –ø—Ä–µ–¥–æ—Å—Ç–∞–≤–ª–µ–Ω–∏—è —Å–≤–µ–¥–µ–Ω–∏–π –æ –≤—ã–¥–∞–Ω–Ω—ã—Ö –ø—Ä–æ—Ç–æ–∫–æ–ª–∞—Ö –∏—Å—Å–ª–µ–¥–æ–≤–∞–Ω–∏–π (–∏—Å–ø—ã—Ç–∞–Ω–∏–π) –∏ –∏–∑–º–µ—Ä–µ–Ω–∏–π;
https://fsa.gov.ru//press-center/info/9029/;13-14 –Ω–æ—è–±—Ä—è —Å–æ—Å—Ç–æ–∏—Ç—Å—è —Å–µ–º–∏–Ω–∞—Ä ¬´–ê–∫—Ç—É–∞–ª—å–Ω—ã–µ –≤–æ–ø—Ä–æ—Å—ã –¥–µ—è—Ç–µ–ª—å–Ω–æ—Å—Ç–∏ –æ—Ä–≥–∞–Ω–æ–≤ –∏–Ω—Å–ø–µ–∫—Ü–∏–∏¬ª;
https://fsa.gov.ru//press-center/info/9022/;11-12 —Å–µ–Ω—Ç—è–±—Ä—è —Å–æ—Å—Ç–æ–∏—Ç—Å—è —Å–µ–º–∏–Ω–∞—Ä ¬´–ê–∫—Ç—É–∞–ª—å–Ω—ã–µ –≤–æ–ø—Ä–æ—Å—ã –¥–µ—è—Ç–µ–ª—å–Ω–æ—Å—Ç–∏ –∞–∫–∫—Ä–µ–¥–∏—Ç–æ–≤–∞–Ω–Ω—ã—Ö –∏—Å–ø—ã—Ç–∞—Ç–µ–ª—å–Ω—ã—Ö –ª–∞–±–æ—Ä–∞—Ç–æ—Ä–∏–π (—Ü–µ–Ω—Ç—Ä–æ–≤)¬ª;
https://fsa.gov.ru//press-center/info/8985/;15-16 –∞–≤–≥—É—Å—Ç–∞ —Å–æ—Å—Ç–æ–∏—Ç—Å—è —Å–µ–º–∏–Ω–∞—Ä ¬´–ü—Ä–∞–∫—Ç–∏—á–µ—Å–∫–∏–µ –∞—Å–ø–µ–∫—Ç—ã –ø–æ–¥–≥–æ—Ç–æ–≤–∫–∏ –∫ –ø—Ä–æ—Ö–æ–∂–¥–µ–Ω–∏—é –ø—Ä–æ—Ü–µ–¥—É—Ä—ã –ø–æ–¥—Ç–≤–µ—Ä–∂–¥–µ–Ω–∏—è –∫–æ–º–ø–µ—Ç–µ–Ω—Ç–Ω–æ—Å—Ç–∏ –∏—Å–ø—ã—Ç–∞—Ç–µ–ª—å–Ω—ã—Ö –ª–∞–±–æ—Ä–∞—Ç–æ—Ä–∏–π (—Ü–µ–Ω—Ç—Ä–æ–≤)¬ª;
https://fsa.gov.ru//press-center/info/8974/;–£—Ç–≤–µ—Ä–∂–¥—ë–Ω –ø–ª–∞–Ω —Ç–µ–º–∞—Ç–∏—á–µ—Å–∫–∏—Ö —Å–µ–º–∏–Ω–∞—Ä–æ–≤ –Ω–∞ II –ø–æ–ª—É–≥–æ–¥–∏–µ 2018 –≥–æ–¥–∞;
https://fsa.gov.ru//press-center/info/8953/;–†–æ—Å–∞–∫–∫—Ä–µ–¥–∏—Ç–∞—Ü–∏—è –ø—Ä–æ–¥–æ–ª–∂–∞–µ—Ç —Å–µ—Ä–∏—é –æ–±—É—á–∞—é—â–∏—Ö –≤–µ–±–∏–Ω–∞—Ä–æ–≤ –ø–æ –º–æ–¥–µ—Ä–Ω–∏–∑–∏—Ä–æ–≤–∞–Ω–Ω—ã–º –∫–æ–º–ø–æ–Ω–µ–Ω—Ç–∞–º –§–ì–ò–° –†–æ—Å–∞–∫–∫—Ä–µ–¥–∏—Ç–∞—Ü–∏–∏;
https://fsa.gov.ru//press-center/info/6978/;–†–∞–∑—ä—è—Å–Ω–µ–Ω–∏–µ –†–æ—Å–∞–∫–∫—Ä–µ–¥–∏—Ç–∞—Ü–∏–∏ –æ –ø—Ä–∏–º–µ–Ω–µ–Ω–∏–∏ –Ω–æ—Ä–º–∞—Ç–∏–≤–Ω—ã—Ö –∏ –º–µ—Ç–æ–¥–∏—á–µ—Å–∫–∏—Ö –¥–æ–∫—É–º–µ–Ω—Ç–æ–≤;
https://fsa.gov.ru//press-center/info/6965/;–û–ø—É–±–ª–∏–∫–æ–≤–∞–Ω –ø—Ä–æ—Ç–æ–∫–æ–ª –∑–∞—Å–µ–¥–∞–Ω–∏—è –†–∞–±–æ—á–µ–π –≥—Ä—É–ø–ø—ã –ø–æ –≤–æ–ø—Ä–æ—Å–∞–º –¥–µ—è—Ç–µ–ª—å–Ω–æ—Å—Ç–∏ –∞–∫–∫—Ä–µ–¥–∏—Ç–æ–≤–∞–Ω–Ω—ã—Ö –ª–∏—Ü –≤ —Å—Ñ–µ—Ä–µ –æ—Ü–µ–Ω–∫–∏ —Å–æ–æ—Ç–≤–µ—Ç—Å—Ç–≤–∏—è —ç–ª–µ–∫—Ç—Ä–æ–±—ã—Ç–æ–≤–æ–π –∏ –∫–æ–º–ø—å—é—Ç–µ—Ä–Ω–æ–π —Ç–µ—Ö–Ω–∏–∫–∏ –ø—Ä–∏ –û–±—â–µ—Å—Ç–≤–µ–Ω–Ω–æ–º —Å–æ–≤–µ—Ç–µ –ø—Ä–∏ –†–æ—Å–∞–∫–∫—Ä–µ–¥–∏—Ç–∞—Ü–∏–∏;
https://fsa.gov.ru//press-center/info/6947/;–û –≤—Å—Ç—É–ø–ª–µ–Ω–∏–∏ –≤ —Å–∏–ª—É –†–µ—à–µ–Ω–∏—è –ö–æ–ª–ª–µ–≥–∏–∏ –ï–≠–ö –æ—Ç 16.01.2018 ‚Ññ 6;
https://fsa.gov.ru//press-center/info/6941/;–û –ø–æ–¥–∞—á–µ –∑–∞—è–≤–ª–µ–Ω–∏–π –Ω–∞ –ø—Ä–µ–¥–æ—Å—Ç–∞–≤–ª–µ–Ω–∏–µ –≥–æ—Å—É–¥–∞—Ä—Å—Ç–≤–µ–Ω–Ω—ã—Ö —É—Å–ª—É–≥ –≤ —ç–ª–µ–∫—Ç—Ä–æ–Ω–Ω–æ–º –≤–∏–¥–µ;
https://fsa.gov.ru//press-center/info/6915/;–û–ø—É–±–ª–∏–∫–æ–≤–∞–Ω –ø—Ä–æ—Ç–æ–∫–æ–ª —á–µ—Ç–≤–µ—Ä—Ç–æ–≥–æ –∑–∞—Å–µ–¥–∞–Ω–∏—è —Ä–∞–±–æ—á–µ–π –≥—Ä—É–ø–ø—ã –ø–æ –≤–æ–ø—Ä–æ—Å–∞–º –Ω–∞–¥–ª–µ–∂–∞—â–µ–π –ª–∞–±–æ—Ä–∞—Ç–æ—Ä–Ω–æ–π –ø—Ä–∞–∫—Ç–∏–∫–∏ –ø—Ä–∏ –û–±—â–µ—Å—Ç–≤–µ–Ω–Ω–æ–º —Å–æ–≤–µ—Ç–µ –ø—Ä–∏ –†–æ—Å–∞–∫–∫—Ä–µ–¥–∏—Ç–∞—Ü–∏–∏;
https://fsa.gov.ru//press-center/info/6909/;–û–ø—É–±–ª–∏–∫–æ–≤–∞–Ω –ø—Ä–æ—Ç–æ–∫–æ–ª –æ—á–µ—Ä–µ–¥–Ω–æ–≥–æ –∑–∞—Å–µ–¥–∞–Ω–∏—è –ø–æ—Å—Ç–æ—è–Ω–Ω–æ–≥–æ –∫–æ–º–∏—Ç–µ—Ç–∞ –ø–æ –≤–æ–ø—Ä–æ—Å–∞–º –¥–µ—è—Ç–µ–ª—å–Ω–æ—Å—Ç–∏ –æ—Ä–≥–∞–Ω–æ–≤ –ø–æ —Å–µ—Ä—Ç–∏—Ñ–∏–∫–∞—Ü–∏–∏ –ø—Ä–∏ –û–±—â–µ—Å—Ç–≤–µ–Ω–Ω–æ–º —Å–æ–≤–µ—Ç–µ –ø—Ä–∏ –†–æ—Å–∞–∫–∫—Ä–µ–¥–∏—Ç–∞—Ü–∏–∏;
https://fsa.gov.ru//press-center/info/6879/;–û–ø—É–±–ª–∏–∫–æ–≤–∞–Ω –ø—Ä–æ—Ç–æ–∫–æ–ª –ø–µ—Ä–≤–æ–≥–æ –∑–∞—Å–µ–¥–∞–Ω–∏—è —Ä–∞–±–æ—á–µ–π –≥—Ä—É–ø–ø—ã –ø–æ –≤–æ–ø—Ä–æ—Å–∞–º –¥–µ—è—Ç–µ–ª—å–Ω–æ—Å—Ç–∏ –∞–∫–∫—Ä–µ–¥–∏—Ç–æ–≤–∞–Ω–Ω—ã—Ö –ª–∏—Ü –≤ —Å—Ñ–µ—Ä–µ –æ—Ü–µ–Ω–∫–∏ —Å–æ–æ—Ç–≤–µ—Ç—Å—Ç–≤–∏—è –¥–µ—Ç—Å–∫–∏—Ö —Ç–æ–≤–∞—Ä–æ–≤ –ø—Ä–∏ –û–±—â–µ—Å—Ç–≤–µ–Ω–Ω–æ–º —Å–æ–≤–µ—Ç–µ –ø—Ä–∏ –†–æ—Å–∞–∫–∫—Ä–µ–¥–∏—Ç–∞—Ü–∏–∏;
https://fsa.gov.ru//press-center/info/6889/;–†–∞–∑—ä—è—Å–Ω–µ–Ω–∏–µ –†–æ—Å–∞–∫–∫—Ä–µ–¥–∏—Ç–∞—Ü–∏–∏ –æ —Ä–∞—Å—à–∏—Ä–µ–Ω–∏–∏ –æ–±–ª–∞—Å—Ç–∏ –∞–∫–∫—Ä–µ–¥–∏—Ç–∞—Ü–∏–∏ —Å —Ü–µ–ª—å—é —Ä–µ–≥–∏—Å—Ç—Ä–∞—Ü–∏–∏ –¥–µ–∫–ª–∞—Ä–∞—Ü–∏–π –æ —Å–æ–æ—Ç–≤–µ—Ç—Å—Ç–≤–∏–∏ —Ç—Ä–µ–±–æ–≤–∞–Ω–∏—è–º —Ç–µ—Ö–Ω–∏—á–µ—Å–∫–∏—Ö —Ä–µ–≥–ª–∞–º–µ–Ω—Ç–æ–≤ –ï–ê–≠–°, –ø—Ä–µ–¥—É—Å–º–∞—Ç—Ä–∏–≤–∞—é—â–∏—Ö —Ç–æ–ª—å–∫–æ –¥–µ–∫–ª–∞—Ä–∏—Ä–æ–≤–∞–Ω–∏–µ —Å–æ–æ—Ç–≤–µ—Ç—Å—Ç–≤–∏—è;
https://fsa.gov.ru//press-center/info/6861/;–û —Ç–∏–ø–∏—á–Ω—ã—Ö —é—Ä–∏–¥–∏—á–µ—Å–∫–∏—Ö –æ—à–∏–±–∫–∞—Ö –∞–∫–∫—Ä–µ–¥–∏—Ç–æ–≤–∞–Ω–Ω—ã—Ö –ª–∏—Ü –ø—Ä–∏ –ø–æ–¥–∞—á–µ –∑–∞—è–≤–ª–µ–Ω–∏—è –æ —Å–æ–∫—Ä–∞—â–µ–Ω–∏–∏ –æ–±–ª–∞—Å—Ç–∏ –∞–∫–∫—Ä–µ–¥–∏—Ç–∞—Ü–∏–∏;
https://fsa.gov.ru//press-center/info/6818/;–ò–∑–º–µ–Ω–µ–Ω–∏–µ —Ç–µ–ª–µ—Ñ–æ–Ω–Ω–æ–≥–æ –Ω–æ–º–µ—Ä–∞ —Ç–µ—Ö–Ω–∏—á–µ—Å–∫–æ–π –ø–æ–¥–¥–µ—Ä–∂–∫–∏ –§–ì–ò–°;
https://fsa.gov.ru//press-center/info/6807/;–û–ø—É–±–ª–∏–∫–æ–≤–∞–Ω –ø—Ä–æ—Ç–æ–∫–æ–ª –∑–∞—Å–µ–¥–∞–Ω–∏—è —Ä–∞–±–æ—á–µ–π –≥—Ä—É–ø–ø—ã –ø–æ –≤–æ–ø—Ä–æ—Å–∞–º –¥–µ—è—Ç–µ–ª—å–Ω–æ—Å—Ç–∏ –∞–∫–∫—Ä–µ–¥–∏—Ç–æ–≤–∞–Ω–Ω—ã—Ö –ª–∏—Ü –≤ —Å—Ñ–µ—Ä–µ –æ—Ü–µ–Ω–∫–∏ —Å–æ–æ—Ç–≤–µ—Ç—Å—Ç–≤–∏—è –∫–æ–ª–µ—Å–Ω—ã—Ö —Ç—Ä–∞–Ω—Å–ø–æ—Ä—Ç–Ω—ã—Ö —Å—Ä–µ–¥—Å—Ç–≤ –ø—Ä–∏ –û–±—â–µ—Å—Ç–≤–µ–Ω–Ω–æ–º —Å–æ–≤–µ—Ç–µ –ø—Ä–∏ –†–æ—Å–∞–∫–∫—Ä–µ–¥–∏—Ç–∞—Ü–∏–∏;
https://fsa.gov.ru//press-center/info/6788/;–ù–∞ —Å–∞–π—Ç–µ –æ–ø—É–±–ª–∏–∫–æ–≤–∞–Ω –ø—Ä–æ—Ç–æ–∫–æ–ª –∑–∞—Å–µ–¥–∞–Ω–∏—è —Ä–∞–±–æ—á–µ–π –≥—Ä—É–ø–ø—ã –ø–æ –≤–æ–ø—Ä–æ—Å–∞–º –¥–µ—è—Ç–µ–ª—å–Ω–æ—Å—Ç–∏ –∞–∫–∫—Ä–µ–¥–∏—Ç–æ–≤–∞–Ω–Ω—ã—Ö –ª–∏—Ü –≤ —Å—Ñ–µ—Ä–µ –æ—Ü–µ–Ω–∫–∏ —Å–æ–æ—Ç–≤–µ—Ç—Å—Ç–≤–∏—è –∫–æ–ª–µ—Å–Ω—ã—Ö —Ç—Ä–∞–Ω—Å–ø–æ—Ä—Ç–Ω—ã—Ö —Å—Ä–µ–¥—Å—Ç–≤ –ø—Ä–∏ –û–±—â–µ—Å—Ç–≤–µ–Ω–Ω–æ–º —Å–æ–≤–µ—Ç–µ –ø—Ä–∏ –†–æ—Å–∞–∫–∫—Ä–µ–¥–∏—Ç–∞—Ü–∏–∏;
https://fsa.gov.ru//press-center/info/6768/;20-21 –∞–ø—Ä–µ–ª—è 2017 –≥–æ–¥–∞ —Å–æ—Å—Ç–æ–∏—Ç—Å—è —Å–µ–º–∏–Ω–∞—Ä ¬´–û—Å–Ω–æ–≤—ã –∑–∞–∫–æ–Ω–æ–¥–∞—Ç–µ–ª—å—Å—Ç–≤–∞ –Ω–∞—Ü–∏–æ–Ω–∞–ª—å–Ω–æ–π —Å–∏—Å—Ç–µ–º—ã –∞–∫–∫—Ä–µ–¥–∏—Ç–∞—Ü–∏–∏. –ü—Ä–∞–∫—Ç–∏—á–µ—Å–∫–∏–µ –∞—Å–ø–µ–∫—Ç—ã –ø–æ–¥–≥–æ—Ç–æ–≤–∫–∏ –∫ –ø—Ä–æ—Ü–µ–¥—É—Ä–µ –∞–∫–∫—Ä–µ–¥–∏—Ç–∞—Ü–∏–∏ –∏ –ø–æ–¥—Ç–≤–µ—Ä–∂–¥–µ–Ω–∏—è –∫–æ–º–ø–µ—Ç–µ–Ω—Ç–Ω–æ—Å—Ç–∏ –æ—Ä–≥–∞–Ω–∞ –ø–æ —Å–µ—Ä—Ç–∏—Ñ–∏–∫–∞—Ü–∏–∏ –ø—Ä–æ–¥—É–∫—Ü–∏–∏¬ª;
https://fsa.gov.ru//press-center/info/6748/;–í–Ω–∏–º–∞–Ω–∏—é –∞–∫–∫—Ä–µ–¥–∏—Ç–æ–≤–∞–Ω–Ω—ã—Ö –ª–∏—Ü! –û–± –∏–∑–º–µ–Ω–µ–Ω–∏–∏ —Å–æ—Å—Ç–∞–≤–∞ –ø—Ä–µ–¥–æ—Å—Ç–∞–≤–ª—è–µ–º—ã—Ö —Å–≤–µ–¥–µ–Ω–∏–π –æ –¥–µ—è—Ç–µ–ª—å–Ω–æ—Å—Ç–∏ –∞–∫–∫—Ä–µ–¥–∏—Ç–æ–≤–∞–Ω–Ω—ã—Ö –ª–∏—Ü;
https://fsa.gov.ru//press-center/info/6742/;–í–ù–ò–ú–ê–ù–ò–ï! –í–∞–∂–Ω–∞—è –∏–Ω—Ñ–æ—Ä–º–∞—Ü–∏—è –¥–ª—è –ø–æ–ª—å–∑–æ–≤–∞—Ç–µ–ª–µ–π –§–ì–ò–° –†–æ—Å–∞–∫–∫—Ä–µ–¥–∏—Ç–∞—Ü–∏–∏!;
https://fsa.gov.ru//press-center/info/6723/;–†–∞–∑—ä—è—Å–Ω–µ–Ω–∏—è –æ –Ω–∞–¥–ª–µ–∂–∞—â–µ–º –∑–∞—è–≤–∏—Ç–µ–ª–µ –ø—Ä–∏ –¥–µ–∫–ª–∞—Ä–∏—Ä–æ–≤–∞–Ω–∏–∏ –ø–∞—Ä—Ñ—é–º–µ—Ä–Ω–æ-–∫–æ—Å–º–µ—Ç–∏—á–µ—Å–∫–æ–π –ø—Ä–æ–¥—É–∫—Ü–∏–∏, –ø—Ä–æ–∏–∑–≤–µ–¥–µ–Ω–Ω–æ–π –≤ –≥–æ—Å—É–¥–∞—Ä—Å—Ç–≤–∞—Ö –ï–ê–≠–°;
https://fsa.gov.ru//press-center/info/6702/;–ù–∞ —Å–∞–π—Ç–µ –æ–ø—É–±–ª–∏–∫–æ–≤–∞–Ω –ø—Ä–æ—Ç–æ–∫–æ–ª –∑–∞—Å–µ–¥–∞–Ω–∏—è –ö–æ–º–∏—Å—Å–∏–∏ –ø–æ –∞–ø–µ–ª–ª—è—Ü–∏—è–º –ø—Ä–∏ –§–µ–¥–µ—Ä–∞–ª—å–Ω–æ–π —Å–ª—É–∂–±–µ –ø–æ –∞–∫–∫—Ä–µ–¥–∏—Ç–∞—Ü–∏–∏;
https://fsa.gov.ru//press-center/info/6693/;–ù–∞ —Å–∞–π—Ç–µ –æ–ø—É–±–ª–∏–∫–æ–≤–∞–Ω—ã —Ä–∞–∑—ä—è—Å–Ω–µ–Ω–∏—è –æ–± —É–∫–∞–∑–∞–Ω–∏–∏ –∫–æ–¥–æ–≤ –û–ö–ü–î2 –≤ —Ä–µ–µ—Å—Ç—Ä–∞—Ö –†–æ—Å–∞–∫–∫—Ä–µ–¥–∏—Ç–∞—Ü–∏–∏ –≤–∑–∞–º–µ–Ω –æ—Ç–º–µ–Ω—è–µ–º—ã—Ö —Å 1 —è–Ω–≤–∞—Ä—è 2017 –≥–æ–¥–∞ –∫–æ–¥–æ–≤ –û–ö–ü–î, –û–ö–ü;
https://fsa.gov.ru//press-center/info/6687/;–í–Ω–∏–º–∞–Ω–∏–µ! –û–ø—É–±–ª–∏–∫–æ–≤–∞–Ω –ø—Ä–æ—Ç–æ–∫–æ–ª –∑–∞—Å–µ–¥–∞–Ω–∏—è —Ä–∞–±–æ—á–µ–π –≥—Ä—É–ø–ø—ã –ø–æ –≤–æ–ø—Ä–æ—Å–∞–º –¥–µ—è—Ç–µ–ª—å–Ω–æ—Å—Ç–∏ –ø—Ä–æ–≤–∞–π–¥–µ—Ä–æ–≤ –º–µ–∂–ª–∞–±–æ—Ä–∞—Ç–æ—Ä–Ω—ã—Ö —Å–ª–∏—á–∏—Ç–µ–ª—å–Ω—ã—Ö –∏—Å–ø—ã—Ç–∞–Ω–∏–π –ø—Ä–∏ –û–±—â–µ—Å—Ç–≤–µ–Ω–Ω–æ–º —Å–æ–≤–µ—Ç–µ;
https://fsa.gov.ru//press-center/info/6674/;–†–æ—Å–∞–∫–∫—Ä–µ–¥–∏—Ç–∞—Ü–∏—è —Å–æ–æ–±—â–∞–µ—Ç –æ –Ω–∞–¥–µ–ª–µ–Ω–∏–∏ —Ç–µ—Ä—Ä–∏—Ç–æ—Ä–∏–∞–ª—å–Ω—ã—Ö —É–ø—Ä–∞–≤–ª–µ–Ω–∏–π —Å–ª—É–∂–±—ã –ø–æ–ª–Ω–æ–º–æ—á–∏—è–º–∏ –ø–æ –≤–Ω–µ—Å–µ–Ω–∏—é –∏–∑–º–µ–Ω–µ–Ω–∏–π –≤ —Ä—è–¥ —Å–≤–µ–¥–µ–Ω–∏–π —Ä–µ–µ—Å—Ç—Ä–∞ –∞–∫–∫—Ä–µ–¥–∏—Ç–æ–≤–∞–Ω–Ω—ã—Ö –ª–∏—Ü;
https://fsa.gov.ru//press-center/info/6656/;–†–æ—Å–∞–∫–∫—Ä–µ–¥–∏—Ç–∞—Ü–∏—è –¥–æ—Ä–∞–±–æ—Ç–∞–ª–∞ —Å–æ–ø–æ—Å—Ç–∞–≤–∏—Ç–µ–ª—å–Ω—É—é —Ç–∞–±–ª–∏—Ü—É —Ç–µ—Ä–º–∏–Ω–æ–ª–æ–≥–∏–∏ –ø–æ –≤–æ–ø—Ä–æ—Å–∞–º –∞–∫–∫—Ä–µ–¥–∏—Ç–∞—Ü–∏–∏ –Ω–∞ —Ä—É—Å—Å–∫–æ–º –∏ –∞–Ω–≥–ª–∏–π—Å–∫–æ–º —è–∑—ã–∫–∞—Ö;
https://fsa.gov.ru//press-center/info/6652/;–í–Ω–∏–º–∞–Ω–∏–µ! –í–æ –§–ì–ò–° –∑–∞–ø—É—â–µ–Ω —Ñ—É–Ω–∫—Ü–∏–æ–Ω–∞–ª –ø–∞–∫–µ—Ç–Ω–æ–π –∑–∞–≥—Ä—É–∑–∫–∏ –¥–µ–∫–ª–∞—Ä–∞—Ü–∏–π –ì–û–°–¢ –†;
https://fsa.gov.ru//press-center/info/6639/;–ü–ª–∞–Ω–æ–≤—ã–µ —Ç–µ—Ö–Ω–∏—á–µ—Å–∫–∏–µ —Ä–∞–±–æ—Ç—ã;
https://fsa.gov.ru//press-center/info/6638/;–í–Ω–∏–º–∞–Ω–∏—é —ç–∫—Å–ø–µ—Ä—Ç–æ–≤ –ø–æ –∞–∫–∫—Ä–µ–¥–∏—Ç–∞—Ü–∏–∏! –†–æ—Å–∞–∫–∫—Ä–µ–¥–∏—Ç–∞—Ü–∏—è –Ω–∞–ø–æ–º–∏–Ω–∞–µ—Ç –æ –Ω–µ–¥–æ–ø—É—Å—Ç–∏–º–æ—Å—Ç–∏ –Ω–∞–ª–∏—á–∏—è –≤ –¥–µ—è—Ç–µ–ª—å–Ω–æ—Å—Ç–∏ —ç–∫—Å–ø–µ—Ä—Ç–æ–≤ –∫–æ–Ω—Ñ–ª–∏–∫—Ç–∞ –∏–Ω—Ç–µ—Ä–µ—Å–æ–≤;
https://fsa.gov.ru//press-center/info/6623/;–†–æ—Å–∞–∫–∫—Ä–µ–¥–∏—Ç–∞—Ü–∏—è –Ω–∞–ø–æ–º–∏–Ω–∞–µ—Ç –æ –≤–æ–∑–º–æ–∂–Ω–æ—Å—Ç–∏ –ø–æ–¥–∞—Ç—å –∑–∞—è–≤–ª–µ–Ω–∏–µ –Ω–∞ —Ä–∞—Å—à–∏—Ä–µ–Ω–∏–µ –æ–±–ª–∞—Å—Ç–∏ –∞–∫–∫—Ä–µ–¥–∏—Ç–∞—Ü–∏–∏ —á–µ—Ä–µ–∑ –§–ì–ò–°;
https://fsa.gov.ru//press-center/info/6598/;–ü–ª–∞–Ω–æ–≤—ã–µ —Ç–µ—Ö–Ω–∏—á–µ—Å–∫–∏–µ —Ä–∞–±–æ—Ç—ã;
https://fsa.gov.ru//press-center/info/6587/;–í–Ω–∏–º–∞–Ω–∏–µ! –° 13 –¥–µ–∫–∞–±—Ä—è 2015 –≥. –≤—Å—Ç—É–ø–∞–µ—Ç –≤ —Å–∏–ª—É –ø—Ä–∏–∫–∞–∑ –ú–∏–Ω—ç–∫–æ–Ω–æ–º—Ä–∞–∑–≤–∏—Ç–∏—è –†–æ—Å—Å–∏–∏ –æ—Ç 26 –∞–≤–≥—É—Å—Ç–∞ 2015 –≥. ‚Ññ 594 ¬´–û–± —É—Ç–≤–µ—Ä–∂–¥–µ–Ω–∏–∏ –ê–¥–º–∏–Ω–∏—Å—Ç—Ä–∞—Ç–∏–≤–Ω–æ–≥–æ —Ä–µ–≥–ª–∞–º–µ–Ω—Ç–∞ –ø–æ –ø—Ä–µ–¥–æ—Å—Ç–∞–≤–ª–µ–Ω–∏—é –§–µ–¥–µ—Ä–∞–ª—å–Ω–æ–π —Å–ª—É–∂–±–æ–π –ø–æ –∞–∫–∫—Ä–µ–¥–∏—Ç–∞—Ü–∏–∏ –≥–æ—Å—É–¥–∞—Ä—Å—Ç–≤–µ–Ω–Ω–æ–π —É—Å–ª—É–≥–∏ –ø–æ –∞–∫–∫—Ä–µ–¥–∏—Ç–∞—Ü–∏–∏ —é—Ä–∏–¥–∏...;
https://fsa.gov.ru//press-center/info/6573/;–í–Ω–∏–º–∞–Ω–∏—é –∞–∫–∫—Ä–µ–¥–∏—Ç–æ–≤–∞–Ω–Ω—ã—Ö –ª–∏—Ü, –æ—Å—É—â–µ—Å—Ç–≤–ª—è—é—â–∏—Ö —Å–≤–æ—é –¥–µ—è—Ç–µ–ª—å–Ω–æ—Å—Ç—å –Ω–∞ —Ç–µ—Ä—Ä–∏—Ç–æ—Ä–∏–∏ –¶–µ–Ω—Ç—Ä–∞–ª—å–Ω–æ–≥–æ —Ñ–µ–¥–µ—Ä–∞–ª—å–Ω–æ–≥–æ –æ–∫—Ä—É–≥–∞! –ò–∑–º–µ–Ω–∏–ª—Å—è –ø–æ—Ä—è–¥–æ–∫ –æ–∫–∞–∑–∞–Ω–∏—è –≥–æ—Å—É–¥–∞—Ä—Å—Ç–≤–µ–Ω–Ω–æ–π —É—Å–ª—É–≥–∏ –ø–æ –≤—ã–¥–∞—á–µ –±–ª–∞–Ω–∫–æ–≤ —Å–µ—Ä—Ç–∏—Ñ–∏–∫–∞—Ç–æ–≤ —Å–æ–æ—Ç–≤–µ—Ç—Å—Ç–≤–∏—è;
https://fsa.gov.ru//press-center/info/6563/;–û–ø–æ–≤–µ—â–µ–Ω–∏–µ –æ –¥–æ—Å—Ç—É–ø–Ω–æ—Å—Ç–∏ –†–µ–µ—Å—Ç—Ä–æ–≤ –†–æ—Å–∞–∫–∫—Ä–µ–¥–∏—Ç–∞—Ü–∏–∏ –Ω–∞ –æ—Ñ–∏—Ü–∏–∞–ª—å–Ω–æ–º —Å–∞–π—Ç–µ –†–æ—Å–∞–∫–∫—Ä–µ–¥–∏—Ç–∞—Ü–∏–∏;
https://fsa.gov.ru//press-center/info/6548/;–í–Ω–∏–º–∞–Ω–∏–µ! –†–∞–∑–º–µ—â–µ–Ω –ø—Ä–æ—Ç–æ–∫–æ–ª –≤—Ç–æ—Ä–æ–≥–æ –∑–∞—Å–µ–¥–∞–Ω–∏—è —Ä–∞–±–æ—á–µ–π –≥—Ä—É–ø–ø—ã –ø–æ –≤–æ–ø—Ä–æ—Å–∞–º –∞—Ç—Ç–µ—Å—Ç–∞—Ü–∏–∏ —ç–∫—Å–ø–µ—Ä—Ç–æ–≤ –ø–æ –∞–∫–∫—Ä–µ–¥–∏—Ç–∞—Ü–∏–∏ –æ—Ç 01.10.2015;
https://fsa.gov.ru//press-center/info/6539/;–í–Ω–∏–º–∞–Ω–∏–µ!;
https://fsa.gov.ru//press-center/info/6537/;–†–æ—Å–∞–∫–∫—Ä–µ–¥–∏—Ç–∞—Ü–∏–µ–π —É—Ç–≤–µ—Ä–∂–¥–µ–Ω—ã –Ω–æ–≤—ã–µ —Ä–µ–¥–∞–∫—Ü–∏–∏ –ú–µ—Ç–æ–¥–∏—á–µ—Å–∫–∏—Ö —Ä–µ–∫–æ–º–µ–Ω–¥–∞—Ü–∏–π ¬´–¢–∏–ø–æ–≤–∞—è –ø—Ä–æ–≥—Ä–∞–º–º–∞ –≤—ã–µ–∑–¥–Ω–æ–π –æ—Ü–µ–Ω–∫–∏ —Å–æ–æ—Ç–≤–µ—Ç—Å—Ç–≤–∏—è –æ—Ä–≥–∞–Ω–∞ –ø–æ —Å–µ—Ä—Ç–∏—Ñ–∏–∫–∞—Ü–∏–∏ –ø—Ä–æ–¥—É–∫—Ü–∏–∏, —É—Å–ª—É–≥¬ª –∏ –ú–µ—Ç–æ–¥–∏—á–µ—Å–∫–∏—Ö —Ä–µ–∫–æ–º–µ–Ω–¥–∞—Ü–∏–π ¬´–¢–∏–ø–æ–≤–∞—è –ø—Ä–æ–≥—Ä–∞–º–º–∞ –≤—ã–µ–∑–¥–Ω–æ–π –æ—Ü–µ–Ω–∫–∏ —Å–æ–æ—Ç–≤–µ—Ç—Å—Ç–≤–∏—è –∏—Å–ø—ã—Ç–∞—Ç–µ–ª—å–Ω–æ–π –ª–∞...;
https://fsa.gov.ru//press-center/info/6506/;–í–Ω–∏–º–∞–Ω–∏–µ! –†–æ—Å–∞–∫–∫—Ä–µ–¥–∏—Ç–∞—Ü–∏—è –¥–∞–ª–∞ —Ä–∞–∑—ä—è—Å–Ω–µ–Ω–∏—è –æ –∑–∞–ø–æ–ª–Ω–µ–Ω–∏–∏ –æ–±–ª–∞—Å—Ç–∏ –∞–∫–∫—Ä–µ–¥–∏—Ç–∞—Ü–∏–∏ –≤ —á–∞—Å—Ç–∏ –Ω–æ—Ä–º–∞—Ç–∏–≤–Ω—ã—Ö –¥–æ–∫—É–º–µ–Ω—Ç–æ–≤;
https://fsa.gov.ru//press-center/info/6484/;–û–±—ä—è–≤–ª–µ–Ω 2-–æ–π —ç—Ç–∞–ø –∫–æ–Ω–∫—É—Ä—Å–∞;
https://fsa.gov.ru//press-center/info/6494/;–†–æ—Å–∞–∫–∫—Ä–µ–¥–∏—Ç–∞—Ü–∏—è –æ–±—ä—è–≤–ª—è–µ—Ç –æ –ø—Ä–æ–≤–µ–¥–µ–Ω–∏–∏ –∫–æ–Ω–∫—É—Ä—Å–∞ –Ω–∞ –≤–∫–ª—é—á–µ–Ω–∏–µ –≤ –∫–∞–¥—Ä–æ–≤—ã–π —Ä–µ–∑–µ—Ä–≤;
https://fsa.gov.ru//press-center/info/6462/;–í–Ω–∏–º–∞–Ω–∏–µ! –ù–∞ —Å–∞–π—Ç–µ —Ä–∞–∑–º–µ—â–µ–Ω –ø—Ä–æ–µ–∫—Ç –∞–¥–º–∏–Ω–∏—Å—Ç—Ä–∞—Ç–∏–≤–Ω–æ–≥–æ —Ä–µ–≥–ª–∞–º–µ–Ω—Ç–∞ –ø–æ –≤–Ω–µ—Å–µ–Ω–∏—é –∏–∑–º–µ–Ω–µ–Ω–∏–π –≤ —Å–≤–µ–¥–µ–Ω–∏—è —Ä–µ–µ—Å—Ç—Ä–∞ —ç–∫—Å–ø–µ—Ä—Ç–Ω—ã—Ö –æ—Ä–≥–∞–Ω–∏–∑–∞—Ü–∏–π;
https://fsa.gov.ru//press-center/info/6453/;–í–Ω–∏–º–∞–Ω–∏—é —ç–∫—Å–ø–µ—Ä—Ç–æ–≤ –ø–æ –∞–∫–∫—Ä–µ–¥–∏—Ç–∞—Ü–∏–∏! –†–æ—Å–∞–∫–∫—Ä–µ–¥–∏—Ç–∞—Ü–∏—è –ø—Ä–æ–≤–æ–¥–∏—Ç —Å–ø–µ—Ü–∏–∞–ª–∏–∑–∏—Ä–æ–≤–∞–Ω–Ω—ã–π –ø—Ä–∞–∫—Ç–∏—á–µ—Å–∫–∏–π —Å–µ–º–∏–Ω–∞—Ä –¥–ª—è —ç–∫—Å–ø–µ—Ä—Ç–æ–≤ –≤ –í–æ–ª–≥–æ–≥—Ä–∞–¥–µ;
https://fsa.gov.ru//press-center/info/6447/;–†–æ—Å–∞–∫–∫—Ä–µ–¥–∏—Ç–∞—Ü–∏–µ–π —É—Ç–≤–µ—Ä–∂–¥–µ–Ω–∞ –¢–∏–ø–æ–≤–∞—è –ø—Ä–æ–≥—Ä–∞–º–º–∞ –≤—ã–µ–∑–¥–Ω–æ–π –æ—Ü–µ–Ω–∫–∏ —Å–æ–æ—Ç–≤–µ—Ç—Å—Ç–≤–∏—è –∏—Å–ø—ã—Ç–∞—Ç–µ–ª—å–Ω–æ–π –ª–∞–±–æ—Ä–∞—Ç–æ—Ä–∏–∏;
https://fsa.gov.ru//press-center/info/6423/;–í–Ω–∏–º–∞–Ω–∏–µ! –†–æ—Å–∞–∫–∫—Ä–µ–¥–∏—Ç–∞—Ü–∏—è –ø–æ–¥–≥–æ—Ç–æ–≤–∏–ª–∞ —Ä–∞–∑—ä—è—Å–Ω–µ–Ω–∏—è –æ –ø–æ—Ä—è–¥–∫–µ –ø—Ä–æ—Ö–æ–∂–¥–µ–Ω–∏—è –∞–∫–∫—Ä–µ–¥–∏—Ç–∞—Ü–∏–∏ –∏ –ø–æ–¥—Ç–≤–µ—Ä–∂–¥–µ–Ω–∏—è –∫–æ–º–ø–µ—Ç–µ–Ω—Ç–Ω–æ—Å—Ç–∏ –æ—Ç–¥–µ–ª—å–Ω—ã–º–∏ –∫–∞—Ç–µ–≥–æ—Ä–∏—è–º–∏ –∞–∫–∫—Ä–µ–¥–∏—Ç–æ–≤–∞–Ω–Ω—ã—Ö –ª–∏—Ü;
https://fsa.gov.ru//press-center/info/6411/;"–í–Ω–∏–º–∞–Ω–∏–µ! –ü–æ–¥–≥–æ—Ç–æ–≤–ª–µ–Ω –≤–∏–¥–µ–æ–æ—Ç—á–µ—Ç –æ –∫–æ–Ω—Ñ–µ—Ä–µ–Ω—Ü–∏–∏ ""–†–µ—Ñ–æ—Ä–º–∞ —Å–∏—Å—Ç–µ–º—ã –∞–∫–∫—Ä–µ–¥–∏—Ç–∞—Ü–∏–∏ –≤ –†–æ—Å—Å–∏–π—Å–∫–æ–π –§–µ–¥–µ—Ä–∞—Ü–∏–∏""";
https://fsa.gov.ru//press-center/info/6404/;"–í–Ω–∏–º–∞–Ω–∏–µ! –ù–∞ —Å–∞–π—Ç–µ –æ–ø—É–±–ª–∏–∫–æ–≤–∞–Ω–∞ –ø—Ä–æ–≥—Ä–∞–º–º–∞ –∫–æ–Ω—Ñ–µ—Ä–µ–Ω—Ü–∏–∏ ""–†–µ—Ñ–æ—Ä–º–∞ —Å–∏—Å—Ç–µ–º—ã –∞–∫–∫—Ä–µ–¥–∏—Ç–∞—Ü–∏–∏ –≤ –†–æ—Å—Å–∏–π—Å–∫–æ–π –§–µ–¥–µ—Ä–∞—Ü–∏–∏""";
https://fsa.gov.ru//press-center/info/6390/;–§–ì–ò–° –†–æ—Å–∞–∫–∫—Ä–µ–¥–∏—Ç–∞—Ü–∏–∏: –º–æ–Ω–∏—Ç–æ—Ä–∏–Ω–≥ —Ä–∞–±–æ—Ç—ã;
https://fsa.gov.ru//press-center/info/6376/;–ò–Ω—Ñ–æ—Ä–º–∞—Ü–∏—è –æ –ø–æ–ª—É—á–µ–Ω–∏–∏ –±–ª–∞–Ω–∫–æ–≤ —Å–µ—Ä—Ç–∏—Ñ–∏–∫–∞—Ç–æ–≤ –¢–∞–º–æ–∂–µ–Ω–Ω–æ–≥–æ —Å–æ—é–∑–∞;
https://fsa.gov.ru//press-center/info/6368/;–§–ì–ò–° –†–æ—Å–∞–∫–∫—Ä–µ–¥–∏—Ç–∞—Ü–∏–∏: –º–æ–Ω–∏—Ç–æ—Ä–∏–Ω–≥ —Ä–∞–±–æ—Ç—ã;
https://fsa.gov.ru//press-center/info/6362/;–í–Ω–∏–º–∞–Ω–∏–µ! –†–æ—Å–∞–∫–∫—Ä–µ–¥–∏—Ç–∞—Ü–∏—è –¥–∞–ª–∞ —Ä–∞–∑—ä—è—Å–Ω–µ–Ω–∏—è –æ –ø–æ—Ä—è–¥–∫–µ –∞–∫–∫—Ä–µ–¥–∏—Ç–∞—Ü–∏–∏ —é—Ä–∏–¥–∏—á–µ—Å–∫–∏—Ö –ª–∏—Ü –∏ –∏–Ω–¥–∏–≤–∏–¥—É–∞–ª—å–Ω—ã—Ö –ø—Ä–µ–¥–ø—Ä–∏–Ω–∏–º–∞—Ç–µ–ª–µ–π, –ø—Ä–∏–≤–ª–µ–∫–∞–µ–º—ã—Ö –∫ –º–µ—Ä–æ–ø—Ä–∏—è—Ç–∏—è–º –ø–æ –∫–æ–Ω—Ç—Ä–æ–ª—é;
https://fsa.gov.ru//press-center/info/6342/;–í–Ω–∏–º–∞–Ω–∏–µ! –†–æ—Å–∞–∫–∫—Ä–µ–¥–∏—Ç–∞—Ü–∏—è –¥–∞–ª–∞ —Ä–∞–∑—ä—è—Å–Ω–µ–Ω–∏—è –æ –ø—Ä–∏–º–µ–Ω–µ–Ω–∏–∏ –ø. 3.1 —Å—Ç. 30 –∑–∞–∫–æ–Ω–∞ –æ–± –∞–∫–∫—Ä–µ–¥–∏—Ç–∞—Ü–∏–∏;
https://fsa.gov.ru//press-center/info/6330/;–†–æ—Å–∞–∫–∫—Ä–µ–¥–∏—Ç–∞—Ü–∏—è —Ñ–æ—Ä–º–∏—Ä—É–µ—Ç —Ä–µ–µ—Å—Ç—Ä —Ç–µ—Ö–Ω–∏—á–µ—Å–∫–∏—Ö —ç–∫—Å–ø–µ—Ä—Ç–æ–≤;
https://fsa.gov.ru//press-center/info/6322/;–ü—Ä–∏–≥–ª–∞—à–∞–µ–º –ø—Ä–µ–¥—Å—Ç–∞–≤–∏—Ç–µ–ª–µ–π –æ—Ä–≥–∞–Ω–æ–≤ –ø–æ —Å–µ—Ä—Ç–∏—Ñ–∏–∫–∞—Ü–∏–∏ –∏ –∏—Å–ø—ã—Ç–∞—Ç–µ–ª—å–Ω—ã—Ö –ª–∞–±–æ—Ä–∞—Ç–æ—Ä–∏–π, –∞ —Ç–∞–∫–∂–µ —ç–∫—Å–ø–µ—Ä—Ç–æ–≤ –ø–æ –∞–∫–∫—Ä–µ–¥–∏—Ç–∞—Ü–∏–∏, –Ω–∞—Ö–æ–¥—è—â–∏—Ö—Å—è –Ω–∞ —Ç–µ—Ä—Ä–∏—Ç–æ—Ä–∏–∏ –†–µ—Å–ø—É–±–ª–∏–∫–∏ –ö—Ä—ã–º, –ø—Ä–∏–Ω—è—Ç—å —É—á–∞—Å—Ç–∏–µ –≤ —Ä–∞–±–æ—á–µ–º —Å–æ–≤–µ—â–∞–Ω–∏–∏ –†–æ—Å–∞–∫–∫—Ä–µ–¥–∏—Ç–∞—Ü–∏–∏ –≤ –°–∏–º—Ñ–µ—Ä–æ–ø–æ–ª–µ;
https://fsa.gov.ru//press-center/info/6312/;–û –≤—Ç–æ—Ä–æ–º —ç—Ç–∞–ø–µ –∫–æ–Ω–∫—É—Ä—Å–∞ –Ω–∞ –≤–∫–ª—é—á–µ–Ω–∏–µ –≤ –∫–∞–¥—Ä–æ–≤—ã–π —Ä–µ–∑–µ—Ä–≤ –§–µ–¥–µ—Ä–∞–ª—å–Ω–æ–π —Å–ª—É–∂–±—ã –ø–æ –∞–∫–∫—Ä–µ–¥–∏—Ç–∞—Ü–∏–∏;
https://fsa.gov.ru//press-center/info/6301/;–ò–Ω—Ñ–æ—Ä–º–∞—Ü–∏—è –æ –ø—Ä–æ–≤–µ–¥–µ–Ω–∏–∏ –æ–±—â–µ—Ä–æ—Å—Å–∏–π—Å–∫–æ–≥–æ –¥–Ω—è –ø—Ä–∏–µ–º–∞ –≥—Ä–∞–∂–¥–∞–Ω –≤ –î–µ–Ω—å –ö–æ–Ω—Å—Ç–∏—Ç—É—Ü–∏–∏ –†–æ—Å—Å–∏–π—Å–∫–æ–π –§–µ–¥–µ—Ä–∞—Ü–∏–∏ 12 –¥–µ–∫–∞–±—Ä—è 2013 –≥–æ–¥–∞;
https://fsa.gov.ru//press-center/info/6295/;–§–µ–¥–µ—Ä–∞–ª—å–Ω–∞—è —Å–ª—É–∂–±–∞ –ø–æ –∞–∫–∫—Ä–µ–¥–∏—Ç–∞—Ü–∏–∏ –ø—Ä–µ–¥–ª–∞–≥–∞–µ—Ç –Ω–æ–≤—ã–π –ø–æ–¥—Ö–æ–¥ –∫ —Ñ–æ—Ä–º–∏—Ä–æ–≤–∞–Ω–∏—é –æ–±–ª–∞—Å—Ç–∏ –∞–∫–∫—Ä–µ–¥–∏—Ç–∞—Ü–∏–∏;
https://fsa.gov.ru//press-center/info/6272/;–ù–∞ —Å–∞–π—Ç–µ —Ä–∞–∑–º–µ—â–µ–Ω–∞ —Å—Å—ã–ª–∫–∞ –Ω–∞ –ø—Ä–æ–µ–∫—Ç —Ñ–µ–¥–µ—Ä–∞–ª—å–Ω–æ–≥–æ –∑–∞–∫–æ–Ω–∞ ¬´–û–± –∞–∫–∫—Ä–µ–¥–∏—Ç–∞—Ü–∏–∏ –≤ –Ω–∞—Ü–∏–æ–Ω–∞–ª—å–Ω–æ–π —Å–∏—Å—Ç–µ–º–µ –∞–∫–∫—Ä–µ–¥–∏—Ç–∞—Ü–∏–∏¬ª;
https://fsa.gov.ru//press-center/info/6267/;–û—Ç–∫—Ä—ã—Ç —ç–ª–µ–∫—Ç—Ä–æ–Ω–Ω—ã–π —Å–µ—Ä–≤–∏—Å –†–æ—Å–∞–∫–∫—Ä–µ–¥–∏—Ç–∞—Ü–∏–∏ ‚Äì –ú–æ–Ω–∏—Ç–æ—Ä–∏–Ω–≥ —Ö–æ–¥–∞ –æ–∫–∞–∑–∞–Ω–∏—è –≥–æ—Å—É–¥–∞—Ä—Å—Ç–≤–µ–Ω–Ω–æ–π —É—Å–ª—É–≥–∏;
https://fsa.gov.ru//press-center/info/6247/;"–í —Ä–∞–∑–¥–µ–ª–µ ""–ü—Ä–æ–µ–∫—Ç—ã –ø—Ä–∞–≤–æ–≤—ã—Ö –∞–∫—Ç–æ–≤"" —Ä–∞–∑–º–µ—â–µ–Ω –ø—Ä–æ–µ–∫—Ç –∞–¥–º–∏–Ω–∏—Å—Ç—Ä–∞—Ç–∏–≤–Ω–æ–≥–æ —Ä–µ–≥–ª–∞–º–µ–Ω—Ç–∞";
https://fsa.gov.ru//press-center/info/6237/;–ù–∞ —Ç–µ—Ä—Ä–∏—Ç–æ—Ä–∏–∏ –¢–∞–º–æ–∂–µ–Ω–Ω–æ–≥–æ —Å–æ—é–∑–∞ –æ–ø—Ä–µ–¥–µ–ª–µ–Ω –µ–¥–∏–Ω—ã–π –ø–æ–¥—Ö–æ–¥ –∫ –∏—Å–ø–æ–ª—å–∑–æ–≤–∞–Ω–∏—é –ø—Ä–æ—Ç–æ–∫–æ–ª–æ–≤ –∏—Å–ø—ã—Ç–∞–Ω–∏–π;
